1, -4.828, -1.067, -21.356,  0.051,  0.046, -0.001
1, -2.004, -2.134, -22.175,  0.048,  0.042, -0.044
1,  0.516, -1.006, -22.114,  0.049,  0.047, -0.039
1, -0.790,  0.366, -20.749,  0.052,  0.056,  0.020
1, -3.614, -0.274, -20.749,  0.052,  0.053,  0.060
1, -3.674, -1.585, -21.811,  0.051,  0.044, -0.034
1, -0.638, -1.921, -21.599,  0.044,  0.045, -0.020
1,  0.759, -0.244, -21.417,  0.049,  0.054,  0.017
1, -3.158,  0.152, -21.538,  0.049,  0.053,  0.045
1, -4.312, -1.067, -22.023,  0.053,  0.045, -0.045
1, -1.124, -1.982, -21.356,  0.049,  0.043, -0.055
1,  0.273, -0.610, -20.962,  0.051,  0.052, -0.008
1, -2.581, -0.427, -20.719,  0.050,  0.056,  0.067
1, -4.039, -0.610, -21.872,  0.051,  0.048,  0.015
1, -1.549, -1.768, -21.811,  0.046,  0.042, -0.034
1,  0.607, -0.793, -22.145,  0.052,  0.050, -0.036
1, -1.215, -0.122, -21.174,  0.055,  0.055,  0.017
1, -4.160,  0.122, -21.568,  0.056,  0.050,  0.004
1, -3.249, -1.402, -21.629,  0.050,  0.042, -0.045
1,  0.182, -1.921, -21.750,  0.042,  0.044, -0.020
1, -0.638, -0.244, -20.537,  0.046,  0.055,  0.058
1, -3.310,  0.183, -22.023,  0.051,  0.056,  0.041
1, -3.462, -0.762, -22.205,  0.055,  0.047, -0.055
1,  0.061, -1.433, -21.811,  0.049,  0.047, -0.053
1,  0.061, -0.427, -20.901,  0.049,  0.052,  0.001
1, -2.885,  0.000, -20.719,  0.052,  0.055,  0.063
1, -3.857, -0.945, -22.175,  0.051,  0.048,  0.013
1, -1.002, -1.982, -21.932,  0.047,  0.042, -0.022
1,  0.911, -0.793, -21.932,  0.047,  0.050, -0.007
1, -1.822,  0.884, -21.326,  0.054,  0.056,  0.014
1, -4.737,  0.000, -22.084,  0.055,  0.050, -0.020
1, -2.915, -1.677, -21.447,  0.049,  0.042, -0.044
1,  0.395, -1.616, -21.508,  0.044,  0.047, -0.013
1, -1.184, -0.274, -20.719,  0.051,  0.055,  0.060
1, -4.160, -0.091, -21.932,  0.055,  0.053,  0.039
1, -3.705, -1.220, -22.630,  0.055,  0.047, -0.064
1,  0.395, -1.402, -22.236,  0.049,  0.047, -0.054
1, -0.364, -0.244, -21.144,  0.054,  0.054, -0.001
1, -3.249, -0.122, -21.022,  0.049,  0.053,  0.058
1, -4.130, -1.189, -22.175,  0.051,  0.047, -0.003
1, -0.607, -1.951, -21.993,  0.047,  0.044, -0.036
1,  0.607, -0.610, -21.508,  0.051,  0.052, -0.010
1, -1.761, -0.152, -21.447,  0.057,  0.051,  0.034
1, -4.160, -0.793, -22.236,  0.052,  0.048, -0.029
1, -2.126, -1.982, -21.447,  0.049,  0.043, -0.048
1,  0.759, -1.524, -21.053,  0.046,  0.048,  0.012
1, -1.822, -0.396, -20.598,  0.051,  0.056,  0.065
1, -4.160, -0.549, -21.872,  0.050,  0.053,  0.025
1, -2.915, -1.433, -22.539,  0.050,  0.044, -0.069
1,  0.273, -1.372, -21.932,  0.047,  0.046, -0.036
1, -0.547, -0.091, -20.901,  0.052,  0.056,  0.015
1, -3.644, -0.152, -20.901,  0.052,  0.054,  0.049
1, -3.796, -1.341, -22.084,  0.049,  0.046,  0.001
1, -0.243, -2.104, -21.477,  0.043,  0.048, -0.013
1,  0.759, -0.457, -21.326,  0.049,  0.054,  0.017
1, -2.763,  0.335, -21.144,  0.055,  0.055,  0.022
1, -4.130, -0.640, -22.084,  0.053,  0.047, -0.050
1, -1.397, -1.921, -21.508,  0.050,  0.044, -0.053
1,  0.668, -1.280, -20.901,  0.044,  0.051,  0.022
1, -2.338, -0.274, -20.780,  0.052,  0.055,  0.074
1, -4.069, -0.640, -21.993,  0.053,  0.050,  0.025
1, -2.126, -1.677, -22.236,  0.052,  0.045, -0.069
1,  0.152, -1.220, -21.326,  0.052,  0.046, -0.044
1, -1.275,  0.000, -21.386,  0.054,  0.054,  0.013
1, -3.978, -0.457, -21.083,  0.052,  0.051,  0.041
1, -3.249, -1.372, -21.963,  0.047,  0.045, -0.017
1,  0.425, -1.768, -21.417,  0.043,  0.046, -0.010
1,  0.091,  0.061, -21.659,  0.051,  0.054,  0.027
1, -3.553,  0.335, -21.599,  0.054,  0.055,  0.015
1, -3.462, -1.006, -22.539,  0.051,  0.046, -0.061
1, -0.364, -1.738, -20.992,  0.047,  0.044, -0.064
1,  0.820, -0.884, -20.689,  0.044,  0.050,  0.031
1, -1.944,  0.061, -21.295,  0.051,  0.054,  0.055
1, -4.009, -1.006, -22.205,  0.050,  0.047,  0.008
1, -1.336, -1.433, -22.448,  0.051,  0.045, -0.067
1,  0.607, -1.128, -21.326,  0.049,  0.050, -0.031
1, -1.913,  0.335, -20.901,  0.057,  0.059,  0.027
1, -4.403, -0.610, -21.113,  0.051,  0.051,  0.025
1, -2.612, -1.707, -22.327,  0.044,  0.042, -0.029
1,  0.304, -1.280, -21.386,  0.046,  0.048, -0.002
1, -1.032,  0.061, -21.477,  0.051,  0.057,  0.044
1, -4.464,  0.000, -21.326,  0.056,  0.051,  0.011
1, -2.763, -1.250, -22.478,  0.054,  0.044, -0.071
1,  0.091, -1.341, -21.113,  0.052,  0.045, -0.053
1, -0.030, -0.732, -20.628,  0.049,  0.051,  0.058
1, -3.766, -0.366, -21.053,  0.051,  0.054,  0.055
1, -3.857, -1.402, -22.054,  0.050,  0.045, -0.008
1, -0.607, -1.616, -22.205,  0.049,  0.044, -0.069
1,  0.638, -0.488, -21.447,  0.048,  0.054,  0.015
1, -2.581,  0.152, -20.810,  0.052,  0.056,  0.025
1, -4.646, -0.854, -21.477,  0.054,  0.048,  0.006
1, -2.217, -1.860, -22.327,  0.047,  0.045, -0.044
1,  0.577, -1.585, -21.295,  0.047,  0.051,  0.011
1, -1.063,  0.183, -21.538,  0.051,  0.057,  0.051
1, -4.312,  0.061, -21.781,  0.058,  0.054,  0.006
1, -2.733, -1.341, -22.175,  0.052,  0.045, -0.064
1, -0.030, -1.555, -21.053,  0.052,  0.048, -0.044
1, -1.336,  0.091, -20.628,  0.055,  0.053,  0.041
1, -3.978, -0.488, -20.598,  0.051,  0.051,  0.055
1, -3.189, -1.220, -22.145,  0.045,  0.042,  0.001
1, -0.091, -1.220, -22.205,  0.044,  0.045, -0.059
1,  0.304, -0.244, -21.265,  0.049,  0.054,  0.027
1, -3.219,  0.335, -20.962,  0.055,  0.055,  0.027
1, -4.828, -0.854, -21.356,  0.050,  0.046, -0.006
1, -1.397, -1.921, -21.356,  0.048,  0.044, -0.053
1,  0.577, -1.189, -20.931,  0.043,  0.050,  0.031
1, -2.217, -0.274, -20.780,  0.051,  0.055,  0.072
1, -4.221, -0.671, -22.145,  0.052,  0.048,  0.015
1, -2.369, -1.433, -22.660,  0.052,  0.045, -0.069
1,  0.759, -0.945, -21.902,  0.050,  0.051, -0.025
1, -1.154,  0.122, -21.083,  0.054,  0.056,  0.021
1, -4.130, -0.671, -20.780,  0.050,  0.052,  0.041
1, -3.037, -1.738, -21.265,  0.051,  0.042, -0.044
1,  0.213, -1.524, -21.417,  0.046,  0.045, -0.013
1, -0.243, -0.152, -21.538,  0.051,  0.057,  0.027
1, -3.371, -0.152, -21.750,  0.049,  0.053,  0.045
1, -3.340, -1.006, -22.084,  0.052,  0.046, -0.055
1, -0.607, -1.585, -21.326,  0.047,  0.042, -0.071
1,  0.243, -0.274, -20.598,  0.051,  0.053,  0.004
1, -3.067, -0.152, -20.628,  0.051,  0.054,  0.060
1, -4.009, -0.884, -22.327,  0.050,  0.046,  0.001
1, -0.941, -1.921, -21.963,  0.044,  0.041, -0.025
1,  1.154, -0.488, -21.690,  0.046,  0.048,  0.001
1, -1.761,  0.274, -20.901,  0.052,  0.057,  0.037
1, -4.737, -0.427, -22.084,  0.055,  0.051, -0.025
1, -2.520, -1.860, -21.841,  0.047,  0.041, -0.058
1,  0.334, -1.616, -21.326,  0.044,  0.048,  0.011
1, -0.486, -0.366, -20.992,  0.041,  0.057,  0.039
1, -3.705, -0.396, -22.023,  0.051,  0.052,  0.031
1, -3.462, -1.189, -22.539,  0.053,  0.046, -0.062
1,  1.063, -1.067, -21.932,  0.055,  0.041, -0.053
1, -0.456,  0.030, -20.780,  0.052,  0.053,  0.008
1, -3.766, -0.030, -20.628,  0.052,  0.051,  0.045
1, -4.009, -1.433, -22.296,  0.050,  0.047, -0.015
1, -0.243, -2.134, -21.932,  0.044,  0.047, -0.029
1,  0.607, -0.610, -21.690,  0.048,  0.056,  0.004
1, -2.278,  0.335, -20.962,  0.054,  0.056,  0.029
1, -4.039, -0.701, -22.205,  0.054,  0.048, -0.027
1, -1.367, -1.341, -21.477,  0.048,  0.042, -0.054
1,  0.698, -0.488, -20.749,  0.051,  0.053, -0.010
1, -1.670, -0.061, -20.385,  0.051,  0.053,  0.067
1, -4.009, -0.549, -22.023,  0.052,  0.050,  0.022
1, -2.703, -1.433, -22.327,  0.052,  0.045, -0.067
1,  0.850, -1.006, -21.902,  0.047,  0.047, -0.022
1, -1.002,  0.366, -20.931,  0.052,  0.056,  0.025
1, -4.434, -0.244, -20.962,  0.055,  0.054,  0.050
1, -3.310, -1.616, -21.750,  0.049,  0.044, -0.045
1,  0.182, -1.707, -21.508,  0.044,  0.046, -0.015
1,  0.273, -0.213, -21.599,  0.051,  0.055,  0.016
1, -3.674, -0.030, -22.114,  0.051,  0.055,  0.032
1, -3.674, -1.006, -22.478,  0.052,  0.046, -0.062
1, -0.850, -1.890, -21.204,  0.049,  0.042, -0.061
1, -0.152,  0.213, -20.840,  0.053,  0.054, -0.001
1, -3.067,  0.335, -20.719,  0.052,  0.054,  0.060
1, -4.009, -0.701, -21.902,  0.052,  0.045, -0.006
1, -0.972, -1.646, -21.599,  0.047,  0.042, -0.031
1,  0.881, -0.671, -21.872,  0.051,  0.051, -0.022
1, -1.609,  0.366, -20.689,  0.052,  0.054,  0.021
1, -4.464, -0.396, -21.659,  0.054,  0.047, -0.025
1, -2.429, -1.707, -21.538,  0.047,  0.042, -0.058
1,  0.941, -1.433, -21.083,  0.044,  0.046,  0.006
1, -1.184, -0.030, -20.840,  0.051,  0.057,  0.067
1, -4.160, -0.366, -22.084,  0.052,  0.056,  0.039
1, -3.553, -1.159, -22.509,  0.054,  0.046, -0.060
1, -0.607, -1.677, -21.295,  0.047,  0.044, -0.055
1, -0.364, -0.152, -20.780,  0.051,  0.054,  0.004
1, -3.340, -0.152, -20.598,  0.052,  0.051,  0.049
1, -3.674, -0.884, -21.993,  0.048,  0.046,  0.008
1, -0.516, -1.402, -21.902,  0.043,  0.044, -0.020
1,  0.698, -0.457, -21.477,  0.047,  0.051,  0.008
1, -2.460,  0.335, -20.992,  0.052,  0.056,  0.027
1, -4.585, -0.762, -22.114,  0.053,  0.046, -0.039
1, -1.852, -1.890, -21.538,  0.046,  0.038, -0.060
1,  0.486, -1.433, -21.568,  0.043,  0.047,  0.013
1, -1.852, -0.518, -20.840,  0.049,  0.056,  0.065
1, -4.009, -0.427, -22.205,  0.051,  0.052,  0.025
1, -3.006, -1.372, -22.691,  0.051,  0.044, -0.071
1,  1.032, -1.646, -22.418,  0.049,  0.045, -0.058
1, -0.364,  0.030, -21.508,  0.052,  0.056,  0.008
1, -3.614, -0.274, -21.265,  0.050,  0.053,  0.051
1, -3.523, -1.555, -22.478,  0.045,  0.045, -0.015
1, -0.061, -1.951, -21.932,  0.043,  0.045, -0.022
1,  0.243, -0.366, -22.114,  0.051,  0.056, -0.001
1, -2.581,  0.152, -21.568,  0.052,  0.056,  0.015
1, -3.523, -0.823, -21.902,  0.054,  0.045, -0.034
1, -1.275, -1.433, -21.386,  0.046,  0.042, -0.053
1,  0.698, -1.159, -20.901,  0.044,  0.050,  0.020
1, -2.520,  0.061, -20.901,  0.052,  0.054,  0.072
1, -4.343, -0.671, -22.236,  0.049,  0.050,  0.025
1, -1.822, -1.189, -22.327,  0.050,  0.045, -0.074
1,  0.911, -0.793, -21.841,  0.047,  0.050, -0.008
1, -1.670,  0.335, -20.962,  0.052,  0.059,  0.036
1, -4.616, -0.549, -20.931,  0.050,  0.053,  0.039
1, -2.672, -1.707, -21.538,  0.047,  0.042, -0.044
1,  0.395, -1.982, -21.841,  0.040,  0.044, -0.015
1,  0.030, -0.274, -21.659,  0.049,  0.053,  0.031
1, -3.462, -0.244, -22.114,  0.049,  0.051,  0.036
1, -3.735, -1.006, -22.691,  0.053,  0.048, -0.071
1, -0.395, -1.555, -21.629,  0.051,  0.044, -0.060
1, -0.182, -0.518, -21.629,  0.052,  0.050,  0.008
1, -3.371, -0.091, -20.931,  0.052,  0.056,  0.060
1, -4.009, -1.220, -22.023,  0.052,  0.050, -0.006
1, -0.698, -1.982, -21.629,  0.045,  0.044, -0.034
1,  0.698, -0.732, -21.599,  0.049,  0.053, -0.015
1, -2.520,  0.152, -21.113,  0.055,  0.056,  0.015
1, -4.100, -0.579, -22.054,  0.054,  0.048, -0.029
1, -2.035, -1.799, -21.508,  0.048,  0.042, -0.064
1,  0.850, -1.616, -21.477,  0.046,  0.048, -0.010
1, -1.609, -0.091, -20.719,  0.053,  0.054,  0.053
1, -4.039, -0.335, -21.599,  0.051,  0.051,  0.023
1, -2.885, -1.128, -22.114,  0.052,  0.044, -0.074
1, -0.030, -1.555, -21.235,  0.049,  0.042, -0.054
1, -0.456,  0.030, -20.749,  0.052,  0.053,  0.017
1, -3.492, -0.274, -20.719,  0.051,  0.053,  0.063
1, -3.826, -1.341, -22.327,  0.049,  0.048,  0.001
1, -0.030, -1.860, -21.659,  0.043,  0.044, -0.015
1,  1.002, -0.579, -21.659,  0.048,  0.051,  0.008
1, -2.642,  0.427, -21.235,  0.055,  0.056,  0.020
1, -4.343, -0.610, -22.327,  0.054,  0.048, -0.039
1, -1.822, -1.555, -21.568,  0.049,  0.042, -0.064
1,  0.364, -1.555, -21.022,  0.044,  0.050,  0.008
1, -0.941, -0.122, -21.204,  0.052,  0.057,  0.050
1, -4.160, -0.610, -22.023,  0.054,  0.050,  0.027
1, -2.915, -1.463, -22.751,  0.052,  0.046, -0.060
1, -0.182, -1.402, -21.386,  0.050,  0.047, -0.044
1, -0.668, -0.366, -20.840,  0.052,  0.056,  0.022
1, -3.796, -0.640, -20.810,  0.050,  0.052,  0.049
1, -3.432, -1.616, -22.114,  0.047,  0.046, -0.015
1,  0.182, -2.104, -21.113,  0.043,  0.048, -0.017
1,  0.061, -0.274, -21.659,  0.051,  0.055,  0.015
1, -2.946,  0.000, -21.356,  0.052,  0.056,  0.021
1, -4.251, -1.159, -21.174,  0.051,  0.047,  0.004
1, -0.972, -1.616, -21.113,  0.049,  0.042, -0.060
1,  0.607, -0.945, -20.658,  0.047,  0.050,  0.020
1, -1.275,  0.183, -21.781,  0.050,  0.056,  0.046
1, -4.160, -0.701, -21.841,  0.051,  0.050,  0.022
1, -2.247, -1.555, -22.175,  0.048,  0.045, -0.062
1,  0.395, -1.402, -21.356,  0.049,  0.047, -0.036
1, -1.306,  0.244, -21.053,  0.052,  0.057,  0.027
1, -4.464, -0.579, -20.871,  0.052,  0.050,  0.031
1, -3.189, -1.646, -22.023,  0.049,  0.044, -0.006
1,  0.121, -1.616, -21.508,  0.043,  0.045, -0.010
1, -0.030, -0.244, -21.811,  0.052,  0.056,  0.025
1, -3.158,  0.335, -21.568,  0.057,  0.056,  0.017
1, -3.674, -0.976, -22.266,  0.050,  0.047, -0.060
1, -0.850, -1.768, -21.326,  0.048,  0.045, -0.062
1,  0.456, -0.854, -20.810,  0.046,  0.050,  0.029
1, -2.946, -0.183, -20.507,  0.049,  0.054,  0.068
1, -4.160, -1.098, -22.175,  0.049,  0.048,  0.004
1, -1.609, -1.555, -22.084,  0.052,  0.045, -0.069
1,  0.030, -1.128, -21.083,  0.051,  0.050, -0.031
1, -1.670,  0.335, -21.386,  0.054,  0.053,  0.011
1, -4.312, -0.671, -21.265,  0.052,  0.048,  0.017
1, -2.551, -1.799, -22.145,  0.048,  0.045, -0.027
1,  1.032, -1.220, -21.447,  0.044,  0.045, -0.008
1, -0.456,  0.213, -21.781,  0.054,  0.056,  0.036
1, -3.735, -0.335, -21.720,  0.052,  0.051,  0.034
1, -2.946, -1.128, -22.539,  0.052,  0.045, -0.060
1, -0.273, -1.463, -21.174,  0.047,  0.045, -0.055
1, -0.395, -0.244, -20.476,  0.050,  0.055,  0.025
1, -3.735, -0.244, -20.992,  0.052,  0.053,  0.058
1, -3.978, -1.159, -22.357,  0.051,  0.045, -0.006
1, -0.364, -1.677, -21.993,  0.042,  0.044, -0.060
1,  1.002, -0.488, -21.902,  0.049,  0.051, -0.001
1, -2.065,  0.457, -21.204,  0.055,  0.056,  0.017
1, -4.555, -0.305, -22.357,  0.056,  0.048, -0.039
1, -1.913, -1.768, -21.659,  0.046,  0.041, -0.058
1,  0.456, -1.311, -21.113,  0.043,  0.048,  0.015
1, -2.095, -0.061, -20.901,  0.052,  0.055,  0.065
1, -4.160, -0.244, -22.175,  0.052,  0.050,  0.031
1, -3.006, -1.037, -22.478,  0.054,  0.044, -0.071
1,  0.698, -0.823, -22.084,  0.050,  0.048, -0.050
1, -0.729,  0.183, -21.113,  0.051,  0.055,  0.008
1, -3.917, -0.366, -21.235,  0.051,  0.052,  0.036
1, -3.583, -1.707, -21.477,  0.047,  0.042, -0.048
1,  0.121, -2.073, -21.599,  0.043,  0.046, -0.015
1,  0.425, -0.457, -21.902,  0.052,  0.057,  0.006
1, -3.128, -0.061, -21.720,  0.051,  0.055,  0.049
1, -3.674, -0.854, -21.902,  0.055,  0.046, -0.044
1, -1.518, -1.768, -21.508,  0.050,  0.041, -0.064
1,  0.213, -0.762, -21.144,  0.049,  0.051, -0.003
1, -2.581, -0.183, -21.022,  0.050,  0.056,  0.063
1, -4.191, -0.732, -22.296,  0.051,  0.050,  0.022
1, -1.579, -2.256, -22.175,  0.043,  0.043, -0.036
1,  0.729, -1.189, -21.720,  0.046,  0.050, -0.020
1, -1.488,  0.427, -20.719,  0.054,  0.059,  0.027
1, -4.251,  0.030, -21.781,  0.055,  0.049, -0.010
1, -2.824, -1.738, -21.811,  0.048,  0.041, -0.058
1,  0.425, -1.707, -21.568,  0.041,  0.044, -0.010
1, -0.486, -0.518, -20.325,  0.046,  0.054,  0.058
1, -3.644,  0.152, -21.811,  0.052,  0.054,  0.039
1, -3.766, -0.823, -22.175,  0.054,  0.045, -0.066
1, -0.820, -1.616, -21.326,  0.049,  0.044, -0.054
1,  0.304, -0.061, -20.567,  0.049,  0.051,  0.004
1, -2.642,  0.183, -20.567,  0.049,  0.051,  0.060
1, -4.009, -0.762, -22.084,  0.050,  0.048, -0.003
1, -0.972, -1.799, -21.993,  0.044,  0.042, -0.036
1,  0.577, -0.793, -22.084,  0.049,  0.050, -0.020
1, -1.822,  0.213, -20.749,  0.055,  0.054,  0.020
1, -3.978, -0.427, -21.902,  0.053,  0.048, -0.017
1, -2.095, -1.677, -21.417,  0.048,  0.042, -0.050
1,  0.972, -1.616, -21.174,  0.043,  0.047,  0.004
1, -1.731,  0.061, -20.810,  0.051,  0.054,  0.065
1, -3.857, -0.091, -21.720,  0.049,  0.051,  0.034
1, -2.763, -1.341, -22.630,  0.052,  0.047, -0.060
1,  0.395, -1.098, -21.872,  0.048,  0.050, -0.045
1, -0.334, -0.152, -20.840,  0.051,  0.056,  0.012
1, -3.037, -0.213, -20.689,  0.052,  0.053,  0.058
1, -3.826, -1.037, -21.902,  0.051,  0.048, -0.017
1, -0.850, -1.982, -21.811,  0.043,  0.045, -0.015
1,  0.729, -0.732, -21.447,  0.046,  0.052,  0.011
1, -1.944,  0.518, -21.174,  0.051,  0.056,  0.029
1, -4.282, -0.793, -21.902,  0.053,  0.048, -0.031
1, -1.701, -1.799, -21.174,  0.049,  0.042, -0.044
1,  0.638, -1.341, -20.992,  0.044,  0.048,  0.022
1, -1.944,  0.061, -20.840,  0.051,  0.054,  0.074
1, -4.039, -0.366, -22.054,  0.052,  0.050,  0.027
1, -2.763, -1.372, -22.539,  0.051,  0.044, -0.076
1,  0.911, -1.006, -21.781,  0.051,  0.045, -0.058
1, -0.850,  0.091, -21.174,  0.054,  0.055,  0.006
1, -4.039, -0.274, -21.295,  0.052,  0.053,  0.045
1, -3.219, -1.768, -21.932,  0.050,  0.045, -0.045
1,  0.395, -1.677, -21.690,  0.044,  0.045, -0.008
1,  0.304,  0.122, -21.841,  0.051,  0.054,  0.014
1, -2.946,  0.701, -21.265,  0.055,  0.056,  0.008
1, -3.614, -0.945, -22.114,  0.054,  0.048, -0.045
1, -1.215, -1.890, -21.750,  0.045,  0.045, -0.063
1,  0.243, -0.091, -20.537,  0.049,  0.053, -0.001
1, -2.551,  0.030, -20.598,  0.053,  0.055,  0.069
1, -4.069, -0.610, -22.327,  0.051,  0.048,  0.015
1, -1.002, -1.738, -21.993,  0.043,  0.039, -0.027
1,  1.154, -0.854, -21.690,  0.046,  0.050, -0.008
1, -1.154,  0.335, -20.962,  0.051,  0.057,  0.022
1, -4.494,  0.640, -21.811,  0.057,  0.047,  0.004
1, -2.551, -1.890, -21.356,  0.049,  0.042, -0.050
1,  0.182, -1.860, -21.659,  0.047,  0.046, -0.015
1, -0.547, -0.427, -20.446,  0.049,  0.056,  0.067
1, -3.249, -0.213, -21.659,  0.052,  0.053,  0.044
1, -3.857, -1.280, -22.084,  0.053,  0.045, -0.054
1,  0.121, -1.585, -21.963,  0.047,  0.045, -0.060
1,  0.061, -0.518, -20.749,  0.052,  0.052, -0.003
1, -2.703, -0.396, -20.628,  0.051,  0.056,  0.074
1, -4.251, -1.006, -21.265,  0.050,  0.047, -0.010
1, -1.397, -1.768, -21.659,  0.046,  0.044, -0.034
1,  0.911, -0.854, -21.538,  0.049,  0.051, -0.039
1, -1.488,  0.244, -21.568,  0.052,  0.056,  0.041
1, -4.343,  0.091, -22.236,  0.058,  0.051, -0.020
1, -3.158, -1.555, -21.417,  0.048,  0.045, -0.058
1,  0.516, -1.341, -20.689,  0.047,  0.050, -0.034
1, -0.820, -0.061, -20.385,  0.047,  0.054,  0.065
1, -3.523,  0.000, -21.599,  0.049,  0.054,  0.041
1, -3.674, -0.976, -22.084,  0.053,  0.046, -0.053
1,  0.091, -1.189, -22.175,  0.049,  0.048, -0.055
1, -0.061, -0.183, -20.962,  0.052,  0.055, -0.001
1, -3.006, -0.274, -20.658,  0.052,  0.055,  0.055
1, -4.009, -1.250, -21.720,  0.051,  0.046, -0.027
1, -0.456, -1.738, -21.599,  0.043,  0.042, -0.022
1,  1.063, -0.671, -21.659,  0.049,  0.052,  0.004
1, -2.126,  0.030, -21.629,  0.050,  0.056,  0.058
1, -4.646, -0.701, -22.054,  0.052,  0.050, -0.034
1, -2.186, -1.768, -21.083,  0.050,  0.041, -0.060
1,  0.091, -0.884, -20.901,  0.051,  0.048, -0.022
1, -1.518, -0.244, -20.385,  0.049,  0.054,  0.069
1, -4.039, -0.244, -22.023,  0.052,  0.050,  0.025
1, -2.186, -1.646, -21.993,  0.045,  0.041, -0.031
1,  0.820, -1.067, -21.781,  0.049,  0.048, -0.044
1, -0.577,  0.122, -20.689,  0.051,  0.054,  0.014
1, -3.796, -0.274, -20.901,  0.049,  0.051,  0.049
1, -3.735, -1.677, -21.508,  0.049,  0.045, -0.044
1, -0.304, -1.890, -21.750,  0.045,  0.045, -0.027
1,  0.364, -0.549, -22.054,  0.049,  0.053,  0.006
1, -3.128, -0.061, -21.720,  0.051,  0.055,  0.049
1, -3.766, -0.854, -22.084,  0.054,  0.045, -0.039
1, -1.306, -1.707, -21.447,  0.046,  0.042, -0.066
1,  0.213, -0.610, -20.901,  0.049,  0.054, -0.013
1, -2.733,  0.000, -20.719,  0.052,  0.056,  0.063
1, -4.555, -0.488, -21.932,  0.051,  0.048,  0.017
1, -1.761, -2.805, -21.993,  0.046,  0.045, -0.029
1,  0.820, -1.006, -21.993,  0.048,  0.050, -0.015
1, -1.002,  0.488, -20.962,  0.052,  0.055,  0.022
1, -3.857, -0.305, -20.810,  0.055,  0.051,  0.039
1, -3.006, -1.677, -21.417,  0.048,  0.042, -0.050
1, -0.091, -1.585, -21.417,  0.041,  0.045, -0.013
1, -0.061, -0.061, -21.235,  0.051,  0.055,  0.027
1, -3.796,  0.061, -21.659,  0.052,  0.051,  0.044
1, -3.948, -1.220, -22.478,  0.052,  0.048, -0.058
1, -1.184, -1.555, -21.113,  0.047,  0.046, -0.053
1, -0.061, -0.457, -20.901,  0.051,  0.056, -0.006
1, -2.855, -0.061, -20.658,  0.052,  0.056,  0.060
1, -4.160, -0.854, -22.054,  0.051,  0.048,  0.004
1, -2.217, -1.555, -22.509,  0.052,  0.044, -0.083
1,  0.698, -0.732, -21.932,  0.051,  0.051, -0.034
1, -1.154,  0.091, -21.174,  0.054,  0.056,  0.015
1, -4.282, -0.579, -21.174,  0.052,  0.051,  0.041
1, -3.249, -1.585, -22.448,  0.047,  0.045, -0.017
1,  0.638, -1.616, -21.720,  0.046,  0.046, -0.006
1, -0.030, -0.152, -21.932,  0.051,  0.054,  0.025
1, -3.553,  0.213, -21.386,  0.055,  0.051,  0.001
1, -3.249, -1.250, -22.145,  0.052,  0.046, -0.071
1, -0.334, -1.616, -21.265,  0.046,  0.042, -0.071
1,  0.030, -0.152, -20.931,  0.048,  0.053,  0.004
1, -3.189, -0.183, -20.719,  0.050,  0.054,  0.063
1, -4.130, -0.884, -22.327,  0.050,  0.050,  0.011
1, -0.911, -1.951, -21.963,  0.043,  0.043, -0.026
1,  0.911, -0.579, -21.659,  0.051,  0.051, -0.001
1, -1.944,  0.213, -20.931,  0.055,  0.057,  0.029
1, -4.737, -0.427, -22.084,  0.055,  0.051, -0.029
1, -2.247, -1.768, -21.235,  0.050,  0.042, -0.064
1,  0.607, -1.280, -20.992,  0.044,  0.046,  0.008
1, -1.549, -0.274, -20.749,  0.051,  0.055,  0.067
1, -4.251, -0.396, -22.054,  0.052,  0.052,  0.039
1, -3.553, -1.433, -22.509,  0.052,  0.046, -0.060
1,  0.121, -1.433, -21.326,  0.057,  0.045, -0.041
1, -0.395,  0.091, -21.174,  0.054,  0.055,  0.006
1, -3.735, -0.274, -20.962,  0.053,  0.056,  0.058
1, -4.009, -1.433, -22.327,  0.049,  0.047, -0.001
1, -0.425, -1.921, -22.357,  0.044,  0.045, -0.044
1,  0.577, -0.274, -21.993,  0.052,  0.056, -0.017
1, -2.551,  0.366, -22.023,  0.055,  0.057,  0.044
1, -3.857, -0.366, -22.205,  0.053,  0.048, -0.024
1, -2.035, -1.677, -21.720,  0.048,  0.045, -0.045
1,  0.243, -0.640, -21.144,  0.054,  0.051, -0.015
1, -2.126,  0.213, -20.749,  0.052,  0.053,  0.063
1, -4.282, -0.335, -22.054,  0.052,  0.051,  0.017
1, -2.946, -1.250, -22.964,  0.051,  0.042, -0.088
1,  0.516, -1.006, -22.205,  0.049,  0.047, -0.053
1, -0.456, -0.183, -20.689,  0.052,  0.053,  0.017
1, -4.221,  0.091, -21.932,  0.058,  0.054, -0.001
1, -3.523, -1.280, -21.872,  0.049,  0.042, -0.034
1,  0.061, -2.134, -21.902,  0.041,  0.042, -0.020
1,  0.091, -1.463, -21.477,  0.049,  0.057,  0.031
1, -3.128,  0.213, -21.720,  0.052,  0.055,  0.049
1, -4.585, -0.610, -22.084,  0.056,  0.050, -0.045
1, -0.486, -1.890, -21.993,  0.049,  0.044, -0.067
1,  0.425, -0.671, -20.962,  0.051,  0.051, -0.013
1, -1.852, -0.091, -20.567,  0.050,  0.055,  0.074
1, -4.434, -0.976, -21.083,  0.055,  0.048,  0.007
1, -1.640, -2.012, -21.841,  0.046,  0.044, -0.034
1,  0.698, -0.976, -21.811,  0.049,  0.050, -0.027
1, -1.367,  0.152, -21.326,  0.052,  0.054,  0.011
1, -4.160, -0.274, -22.084,  0.054,  0.051, -0.027
1, -2.520, -1.585, -21.720,  0.047,  0.042, -0.054
1,  0.516, -1.372, -21.599,  0.047,  0.046, -0.013
1, -1.427, -0.091, -20.931,  0.050,  0.055,  0.069
1, -3.917, -0.427, -21.841,  0.049,  0.052,  0.031
1, -2.824, -1.220, -22.296,  0.052,  0.045, -0.063
1,  0.425, -1.220, -21.781,  0.049,  0.048, -0.034
1, -0.577, -0.183, -20.780,  0.052,  0.056,  0.013
1, -3.917, -0.366, -20.689,  0.051,  0.052,  0.050
1, -3.371, -1.433, -21.599,  0.052,  0.045, -0.034
1, -0.030, -1.921, -21.599,  0.042,  0.044, -0.025
1,  0.395, -0.457, -21.326,  0.049,  0.052,  0.013
1, -3.219,  0.061, -21.538,  0.051,  0.051,  0.041
1, -3.978, -1.128, -21.811,  0.053,  0.045, -0.048
1, -0.972, -2.104, -20.992,  0.047,  0.042, -0.059
1,  0.121, -0.457, -20.840,  0.052,  0.053, -0.003
1, -2.247,  0.091, -20.507,  0.052,  0.056,  0.074
1, -3.978, -0.640, -21.963,  0.053,  0.048,  0.020
1, -1.397, -1.982, -21.690,  0.046,  0.044, -0.024
1,  0.881, -1.220, -22.054,  0.047,  0.051, -0.027
1, -1.367,  0.000, -21.386,  0.051,  0.056,  0.012
1, -4.282, -0.213, -21.902,  0.055,  0.050, -0.025
1, -2.915, -1.433, -21.477,  0.049,  0.042, -0.062
1,  0.941, -1.463, -21.417,  0.045,  0.046, -0.003
1, -0.941, -0.122, -20.840,  0.049,  0.056,  0.063
1, -4.100,  0.030, -21.720,  0.051,  0.054,  0.034
1, -3.492, -1.159, -22.266,  0.054,  0.045, -0.060
1,  0.152, -1.433, -22.084,  0.047,  0.047, -0.055
1, -0.091, -0.335, -20.689,  0.054,  0.053,  0.006
1, -3.371,  0.030, -20.962,  0.053,  0.053,  0.060
1, -3.917, -1.128, -22.266,  0.048,  0.046,  0.008
1, -0.668, -1.890, -21.629,  0.045,  0.042, -0.017
1,  0.850, -0.671, -21.568,  0.049,  0.052,  0.013
1, -2.278,  0.488, -20.992,  0.055,  0.056,  0.031
1, -4.616, -0.518, -22.266,  0.056,  0.050, -0.034
1, -2.065, -1.921, -21.538,  0.047,  0.044, -0.066
1,  0.030, -1.067, -20.780,  0.049,  0.051, -0.025
1, -1.944, -0.427, -20.749,  0.050,  0.057,  0.072
1, -4.100, -0.457, -22.296,  0.052,  0.051,  0.025
1, -2.186, -1.768, -22.327,  0.047,  0.044, -0.031
1,  0.425, -1.128, -22.205,  0.051,  0.051, -0.041
1, -0.790, -0.091, -21.538,  0.052,  0.056,  0.011
1, -4.160, -0.091, -21.841,  0.055,  0.053,  0.001
1, -3.432, -1.555, -21.386,  0.049,  0.042, -0.045
1, -0.030, -1.585, -21.386,  0.043,  0.045, -0.012
1, -0.668, -0.152, -20.719,  0.047,  0.053,  0.056
1, -3.189, -0.244, -21.932,  0.048,  0.054,  0.039
1, -3.128, -1.250, -22.387,  0.051,  0.046, -0.064
1, -0.516, -1.707, -21.235,  0.050,  0.045, -0.060
1, -0.364, -0.152, -21.022,  0.051,  0.054,  0.008
1, -3.462, -0.152, -20.658,  0.051,  0.051,  0.065
1, -3.735, -1.402, -21.447,  0.050,  0.042, -0.017
1, -0.668, -2.104, -21.720,  0.045,  0.043, -0.017
1,  1.002, -0.671, -21.659,  0.051,  0.051,  0.004
1, -1.974,  0.396, -21.204,  0.057,  0.057,  0.022
1, -4.555, -0.610, -21.841,  0.054,  0.048, -0.044
1, -2.095, -2.104, -21.204,  0.049,  0.042, -0.055
1,  0.638, -1.646, -21.022,  0.041,  0.047,  0.021
1, -1.761, -0.061, -20.355,  0.051,  0.055,  0.076
1, -4.160, -0.122, -22.205,  0.052,  0.050,  0.025
1, -2.672, -1.189, -22.721,  0.050,  0.044, -0.074
1,  0.972, -0.884, -21.993,  0.052,  0.048, -0.036
1, -0.698, -0.122, -21.053,  0.054,  0.056,  0.015
1, -3.857, -0.213, -21.113,  0.051,  0.051,  0.044
1, -3.766, -1.646, -21.386,  0.048,  0.044, -0.045
1,  0.334, -1.829, -21.477,  0.043,  0.045, -0.010
1,  0.607, -0.335, -21.720,  0.052,  0.052,  0.022
1, -3.158, -0.152, -21.599,  0.051,  0.056,  0.055
1, -3.614, -0.793, -22.509,  0.052,  0.048, -0.041
1, -0.729, -1.555, -21.568,  0.052,  0.044, -0.044
1,  0.395, -0.793, -20.537,  0.052,  0.052, -0.010
1, -2.156, -0.122, -20.749,  0.052,  0.054,  0.050
1, -4.191, -0.579, -22.145,  0.052,  0.048,  0.017
1, -1.579, -2.104, -21.811,  0.046,  0.043, -0.022
1,  1.154, -0.884, -21.781,  0.047,  0.051, -0.010
1, -1.306,  0.457, -20.749,  0.054,  0.057,  0.030
1, -3.917, -0.061, -21.841,  0.053,  0.049, -0.008
1, -2.855, -1.768, -21.386,  0.050,  0.041, -0.036
1, -0.121, -2.043, -21.477,  0.044,  0.049, -0.008
1,  0.091, -0.427, -21.720,  0.054,  0.054,  0.028
1, -3.492, -0.213, -21.659,  0.052,  0.053,  0.039
1, -3.796, -0.823, -22.327,  0.054,  0.047, -0.062
1, -0.911, -1.677, -21.477,  0.044,  0.042, -0.060
1,  0.091, -0.030, -21.083,  0.051,  0.051, -0.001
1, -2.946,  0.030, -20.992,  0.050,  0.054,  0.063
1, -4.221, -1.433, -21.902,  0.050,  0.045, -0.034
1, -0.911, -1.799, -22.266,  0.044,  0.041, -0.041
1,  1.032, -0.610, -22.084,  0.049,  0.051, -0.027
1, -1.002, -0.122, -21.144,  0.054,  0.053,  0.029
1, -4.100, -0.366, -22.023,  0.054,  0.048, -0.015
1, -2.520, -1.738, -21.629,  0.051,  0.041, -0.053
1,  0.516, -1.555, -21.265,  0.044,  0.047,  0.004
1, -1.609, -0.244, -20.598,  0.049,  0.057,  0.074
1, -4.009, -0.274, -21.811,  0.049,  0.051,  0.044
1, -3.037, -1.372, -22.175,  0.054,  0.045, -0.060
1,  0.516, -1.037, -22.084,  0.050,  0.046, -0.036
1, -0.456,  0.000, -21.113,  0.054,  0.056,  0.008
1, -3.766, -0.122, -20.992,  0.052,  0.054,  0.050
1, -3.462, -1.433, -21.811,  0.049,  0.044, -0.039
1, -0.030, -1.951, -21.872,  0.042,  0.044, -0.020
1,  0.516, -0.518, -21.720,  0.046,  0.052,  0.020
1, -2.885,  0.091, -21.265,  0.051,  0.051,  0.053
1, -4.343, -0.732, -21.993,  0.052,  0.046, -0.043
1, -1.397, -1.768, -21.356,  0.049,  0.041, -0.048
1,  0.304, -1.006, -21.053,  0.047,  0.048,  0.015
1, -2.095, -0.274, -20.598,  0.052,  0.055,  0.069
1, -4.221, -0.610, -21.811,  0.053,  0.048,  0.025
1, -1.124, -2.043, -22.023,  0.047,  0.043, -0.041
1,  0.941, -1.067, -21.690,  0.049,  0.050, -0.029
1, -1.549,  0.091, -20.567,  0.055,  0.055,  0.020
1, -4.403, -0.396, -20.962,  0.054,  0.050,  0.041
1, -2.703, -1.768, -21.993,  0.050,  0.042, -0.064
1,  0.941, -1.555, -21.629,  0.044,  0.047, -0.010
1, -1.002, -0.183, -20.598,  0.049,  0.056,  0.063
1, -3.644, -0.244, -21.720,  0.051,  0.051,  0.029
1, -2.885, -1.220, -22.205,  0.052,  0.046, -0.068
1, -0.213, -1.555, -21.083,  0.047,  0.045, -0.058
1, -0.668, -0.122, -20.931,  0.052,  0.056,  0.017
1, -3.826, -0.244, -20.962,  0.052,  0.053,  0.051
1, -3.857, -1.067, -22.357,  0.047,  0.045, -0.003
1, -0.152, -1.921, -21.781,  0.041,  0.044, -0.013
1,  0.941, -0.732, -21.568,  0.046,  0.052,  0.015
1, -2.672,  0.427, -21.235,  0.055,  0.057,  0.015
1, -4.616, -0.427, -22.205,  0.055,  0.048, -0.048
1, -1.640, -1.951, -21.386,  0.047,  0.042, -0.060
1,  0.790, -1.494, -21.204,  0.044,  0.048,  0.017
1, -1.670, -0.183, -20.598,  0.050,  0.056,  0.076
1, -4.039, -0.457, -22.145,  0.052,  0.050,  0.020
1, -2.763, -1.433, -22.539,  0.049,  0.044, -0.071
1,  0.638, -1.220, -22.357,  0.049,  0.048, -0.039
1, -0.547,  0.213, -21.022,  0.051,  0.053,  0.021
1, -3.917, -0.244, -20.749,  0.049,  0.051,  0.050
1, -3.796, -1.250, -21.386,  0.047,  0.047, -0.029
1,  0.091, -1.951, -21.326,  0.042,  0.046, -0.015
1,  0.030, -0.152, -21.599,  0.050,  0.056,  0.023
1, -2.946,  0.244, -21.599,  0.055,  0.057,  0.017
1, -3.462, -1.006, -22.478,  0.052,  0.046, -0.048
1, -0.972, -1.738, -21.477,  0.047,  0.042, -0.064
1,  0.638, -1.067, -20.810,  0.046,  0.051,  0.025
1, -3.006, -0.091, -20.962,  0.055,  0.055,  0.065
1, -4.130, -0.793, -22.296,  0.052,  0.050,  0.012
1, -2.035, -1.433, -22.327,  0.052,  0.045, -0.071
1,  1.063, -1.280, -21.599,  0.049,  0.046, -0.029
1, -1.367,  0.427, -20.962,  0.054,  0.056,  0.027
1, -4.434, -0.732, -21.386,  0.051,  0.051,  0.027
1, -2.095, -1.677, -21.720,  0.048,  0.042, -0.060
1,  0.547, -1.280, -21.144,  0.044,  0.048,  0.004
1, -0.577, -0.366, -21.659,  0.051,  0.057,  0.039
1, -3.857, -0.305, -21.568,  0.055,  0.051,  0.029
1, -3.158, -1.006, -22.327,  0.052,  0.045, -0.058
1, -0.061, -1.402, -21.235,  0.049,  0.047, -0.045
1,  0.152, -0.427, -20.567,  0.046,  0.056,  0.060
1, -3.614,  0.030, -20.901,  0.053,  0.053,  0.060
1, -4.009, -1.463, -21.902,  0.050,  0.045, -0.010
1, -0.790, -1.707, -21.841,  0.047,  0.045, -0.062
1,  0.456, -0.152, -21.417,  0.050,  0.056,  0.023
1, -2.642,  0.396, -21.083,  0.057,  0.056,  0.022
1, -4.494, -0.945, -21.417,  0.051,  0.047,  0.004
1, -1.215, -2.104, -22.023,  0.043,  0.042, -0.027
1,  0.790, -0.945, -20.992,  0.047,  0.051,  0.020
1, -1.427,  0.518, -21.811,  0.054,  0.056,  0.048
1, -4.039, -0.030, -21.993,  0.057,  0.050, -0.013
1, -2.946, -1.555, -21.599,  0.049,  0.042, -0.050
1,  0.820, -1.128, -20.749,  0.047,  0.048, -0.034
1, -0.881, -0.244, -20.203,  0.049,  0.056,  0.069
1, -3.614, -0.244, -21.720,  0.049,  0.056,  0.045
1, -3.006, -1.738, -22.418,  0.044,  0.045, -0.022
1,  0.152, -1.616, -22.205,  0.046,  0.048, -0.058
1,  0.911, -0.335, -20.992,  0.055,  0.053,  0.008
1, -3.553,  0.488, -21.386,  0.055,  0.054,  0.022
1, -4.555, -0.823, -21.477,  0.051,  0.042, -0.017
1, -0.941, -1.982, -21.781,  0.043,  0.042, -0.025
1,  0.698, -1.189, -20.992,  0.046,  0.051,  0.036
1, -2.217,  0.213, -21.538,  0.052,  0.055,  0.058
1, -4.616, -0.457, -21.932,  0.052,  0.050, -0.034
1, -2.186, -1.799, -21.599,  0.048,  0.041, -0.069
1,  0.364, -1.006, -20.780,  0.051,  0.051, -0.022
1, -1.488, -0.274, -20.628,  0.049,  0.056,  0.069
1, -3.644, -0.305, -21.508,  0.049,  0.051,  0.039
1, -2.065, -2.073, -21.568,  0.044,  0.044, -0.015
1,  0.547, -1.220, -21.872,  0.047,  0.048, -0.041
1, -0.547,  0.091, -21.326,  0.051,  0.056,  0.011
1, -3.857, -0.091, -22.054,  0.053,  0.054, -0.003
1, -3.644, -1.555, -21.477,  0.049,  0.042, -0.045
1, -0.030, -1.768, -21.599,  0.045,  0.044, -0.025
1,  0.638, -0.183, -21.720,  0.049,  0.054,  0.011
1, -3.097, -0.091, -21.720,  0.050,  0.056,  0.045
1, -3.826, -0.854, -22.357,  0.053,  0.050, -0.036
1,  0.061, -1.494, -22.114,  0.047,  0.047, -0.062
1,  0.273, -0.701, -20.992,  0.051,  0.056, -0.013
1, -2.885, -0.244, -20.719,  0.052,  0.055,  0.058
1, -4.464, -1.250, -21.629,  0.051,  0.046, -0.022
1, -0.790, -2.134, -21.963,  0.044,  0.043, -0.029
1,  1.549, -0.945, -21.781,  0.049,  0.048, -0.006
1, -2.065,  0.244, -21.781,  0.049,  0.054,  0.049
1, -4.251, -0.762, -22.023,  0.053,  0.050, -0.029
1, -2.065, -1.982, -21.538,  0.049,  0.042, -0.058
1,  0.638, -1.677, -21.386,  0.042,  0.047,  0.001
1, -1.184, -0.366, -21.174,  0.048,  0.056,  0.060
1, -3.857, -0.244, -22.205,  0.051,  0.051,  0.029
1, -2.278, -1.220, -22.145,  0.045,  0.042, -0.045
1,  0.607, -0.884, -22.023,  0.047,  0.046, -0.053
1, -0.456,  0.274, -20.871,  0.052,  0.053,  0.008
1, -3.857, -0.427, -20.810,  0.050,  0.054,  0.049
1, -3.887, -1.677, -21.811,  0.049,  0.044, -0.053
1,  0.121, -1.860, -21.750,  0.043,  0.045, -0.020
1,  0.395, -0.610, -21.417,  0.040,  0.056,  0.009
1, -3.097, -0.091, -22.114,  0.053,  0.057,  0.039
1, -3.978, -0.732, -22.266,  0.055,  0.048, -0.054
1, -0.698, -1.707, -21.872,  0.053,  0.044, -0.053
1,  0.425, -0.640, -21.022,  0.052,  0.051, -0.013
1, -2.520,  0.152, -20.416,  0.052,  0.054,  0.072
1, -4.251, -0.640, -21.750,  0.050,  0.050,  0.022
1, -1.579, -1.738, -21.993,  0.047,  0.041, -0.031
1,  1.002, -1.189, -21.781,  0.049,  0.048, -0.022
1, -1.275,  0.030, -20.507,  0.052,  0.056,  0.022
1, -4.282, -0.030, -21.932,  0.057,  0.050, -0.013
1, -2.429, -1.555, -21.599,  0.049,  0.041, -0.045
1,  0.395, -1.799, -21.538,  0.043,  0.046, -0.015
1, -0.577, -0.366, -20.719,  0.051,  0.054,  0.060
1, -3.857, -0.091, -21.568,  0.053,  0.054,  0.044
1, -3.948, -1.006, -22.114,  0.054,  0.048, -0.053
1,  0.243, -1.037, -21.690,  0.053,  0.042, -0.043
1, -0.213,  0.030, -20.871,  0.052,  0.053, -0.001
1, -3.158,  0.152, -20.901,  0.049,  0.053,  0.055
1, -3.553, -1.037, -21.993,  0.047,  0.047, -0.001
1, -0.243, -1.921, -21.811,  0.047,  0.044, -0.025
1,  0.577, -0.823, -21.963,  0.052,  0.056, -0.008
1, -2.733,  0.091, -21.811,  0.052,  0.057,  0.055
1, -4.039, -0.854, -22.114,  0.054,  0.047, -0.034
1, -2.095, -1.738, -21.265,  0.048,  0.044, -0.053
1,  0.577, -0.915, -20.901,  0.050,  0.050, -0.020
1, -1.579,  0.091, -20.780,  0.052,  0.056,  0.069
1, -4.039, -0.274, -21.993,  0.052,  0.053,  0.031
1, -2.035, -1.951, -22.145,  0.044,  0.043, -0.031
1,  0.547, -1.098, -22.175,  0.049,  0.048, -0.044
1, -1.032, -0.183, -21.053,  0.052,  0.056,  0.017
1, -4.464, -0.244, -21.477,  0.056,  0.051,  0.006
1, -3.492, -1.341, -21.417,  0.049,  0.045, -0.036
1,  0.091, -1.799, -21.781,  0.044,  0.044, -0.017
1,  0.911, -0.427, -21.993,  0.049,  0.051,  0.013
1, -2.733,  0.061, -21.841,  0.052,  0.054,  0.049
1, -4.251, -0.701, -22.114,  0.054,  0.046, -0.050
1, -1.427, -1.768, -21.204,  0.047,  0.042, -0.055
1,  0.030, -0.488, -21.022,  0.051,  0.053, -0.010
1, -2.399,  0.061, -20.416,  0.049,  0.056,  0.074
1, -4.130, -0.488, -21.932,  0.047,  0.050,  0.020
1, -1.032, -2.043, -21.993,  0.044,  0.044, -0.027
1,  0.850, -1.037, -22.296,  0.050,  0.050, -0.031
1, -1.336, -0.030, -21.417,  0.052,  0.055,  0.015
1, -3.887, -0.183, -21.750,  0.053,  0.048, -0.015
1, -2.520, -1.677, -21.386,  0.049,  0.044, -0.062
1,  0.729, -1.555, -21.568,  0.044,  0.047, -0.020
1, -1.032, -0.091, -20.719,  0.049,  0.056,  0.060
1, -3.917, -0.274, -22.205,  0.052,  0.055,  0.036
1, -3.128, -1.250, -22.448,  0.050,  0.046, -0.059
1,  0.456, -1.128, -21.963,  0.049,  0.048, -0.045
1, -0.486, -0.091, -21.083,  0.055,  0.056, -0.003
1, -3.189, -0.091, -21.083,  0.053,  0.054,  0.058
1, -4.403, -0.854, -21.417,  0.050,  0.048, -0.006
1, -0.638, -1.829, -21.750,  0.043,  0.042, -0.020
1,  1.093, -0.549, -21.902,  0.049,  0.051, -0.008
1, -2.156,  0.732, -20.901,  0.057,  0.056,  0.020
1, -4.677, -0.427, -22.418,  0.053,  0.048, -0.041
1, -2.065, -1.921, -21.629,  0.048,  0.038, -0.067
1, -0.182, -1.433, -21.326,  0.044,  0.046, -0.003
1, -1.609, -0.274, -20.719,  0.049,  0.054,  0.058
1, -4.282, -0.335, -21.932,  0.052,  0.051,  0.027
1, -2.551, -1.799, -22.448,  0.048,  0.045, -0.027
1,  0.334, -1.555, -22.236,  0.049,  0.048, -0.053
1, -0.182, -0.427, -20.749,  0.051,  0.056,  0.012
1, -3.219, -0.213, -20.992,  0.050,  0.054,  0.058
1, -4.160, -1.555, -21.629,  0.050,  0.045, -0.041
1, -0.820, -1.951, -21.659,  0.043,  0.047, -0.031
1,  1.032, -0.671, -21.144,  0.046,  0.053,  0.011
1, -2.338,  0.183, -21.508,  0.051,  0.055,  0.055
1, -3.826, -0.701, -21.932,  0.053,  0.048, -0.031
1, -0.941, -1.463, -22.023,  0.047,  0.045, -0.064
1,  0.456, -0.854, -20.598,  0.049,  0.051, -0.010
1, -2.369, -0.427, -21.022,  0.050,  0.056,  0.063
1, -4.585, -1.189, -21.568,  0.051,  0.047, -0.008
1, -1.427, -1.951, -21.629,  0.044,  0.045, -0.027
1,  0.850, -0.884, -21.781,  0.049,  0.050, -0.017
1, -1.367,  0.366, -21.022,  0.055,  0.056,  0.021
1, -4.828,  0.122, -21.902,  0.058,  0.051, -0.006
1, -3.340, -1.463, -21.447,  0.050,  0.041, -0.040
1, -0.334, -1.433, -21.417,  0.044,  0.045, -0.017
1, -0.638, -0.488, -20.931,  0.048,  0.052,  0.053
1, -3.644, -0.366, -21.872,  0.052,  0.054,  0.039
1, -3.705, -1.220, -22.539,  0.050,  0.047, -0.060
1,  0.516, -1.555, -22.084,  0.044,  0.047, -0.058
1,  0.364, -0.427, -20.840,  0.049,  0.056, -0.003
1, -2.520,  0.183, -20.507,  0.051,  0.056,  0.072
1, -4.585, -1.006, -21.356,  0.052,  0.046, -0.010
1, -1.488, -1.646, -21.993,  0.047,  0.042, -0.034
1,  0.668, -1.037, -22.084,  0.051,  0.051, -0.029
1, -1.852,  0.122, -21.811,  0.055,  0.056,  0.044
1, -4.160, -0.305, -22.023,  0.056,  0.050, -0.015
1, -2.885, -1.707, -21.447,  0.047,  0.042, -0.053
1,  0.577, -1.524, -21.083,  0.043,  0.045, -0.003
1, -1.032, -0.030, -20.476,  0.048,  0.057,  0.067
1, -3.614, -0.366, -22.023,  0.051,  0.056,  0.036
1, -3.067, -1.372, -22.387,  0.051,  0.045, -0.067
1,  0.213, -1.433, -21.993,  0.049,  0.048, -0.048
1, -0.456, -0.335, -21.417,  0.051,  0.056,  0.009
1, -3.614, -0.274, -20.537,  0.052,  0.053,  0.050
1, -4.009, -1.494, -21.417,  0.051,  0.046, -0.031
1, -0.607, -1.768, -21.659,  0.045,  0.047, -0.020
1,  0.516, -0.579, -21.690,  0.048,  0.051,  0.017
1, -3.037, -0.061, -22.023,  0.051,  0.053,  0.049
1, -3.917, -0.671, -22.660,  0.051,  0.047, -0.041
1, -1.063, -1.585, -21.629,  0.047,  0.041, -0.045
1,  0.061, -0.854, -21.144,  0.049,  0.050,  0.017
1, -2.399, -0.061, -20.810,  0.052,  0.056,  0.069
1, -4.130, -0.610, -22.175,  0.051,  0.050,  0.001
1, -1.336, -2.043, -22.114,  0.042,  0.043, -0.031
1,  0.638, -1.006, -22.084,  0.047,  0.051, -0.022
1, -1.427,  0.274, -20.962,  0.052,  0.055,  0.017
1, -4.403, -0.183, -21.872,  0.056,  0.050, -0.013
1, -2.885, -1.768, -21.447,  0.046,  0.042, -0.058
1,  0.395, -1.799, -21.538,  0.042,  0.045, -0.017
1,  0.030, -0.152, -21.629,  0.051,  0.056,  0.022
1, -3.553, -0.244, -22.236,  0.049,  0.054,  0.027
1, -3.735, -1.037, -21.932,  0.051,  0.045, -0.055
1, -1.002, -1.829, -21.053,  0.047,  0.045, -0.055
1, -0.030, -0.579, -20.598,  0.051,  0.054,  0.007
1, -2.915, -0.274, -20.567,  0.052,  0.053,  0.065
1, -4.221, -0.976, -22.175,  0.051,  0.048,  0.006
1, -0.941, -1.982, -21.690,  0.045,  0.044, -0.025
1,  0.881, -0.457, -21.568,  0.051,  0.051,  0.001
1, -2.429,  0.518, -21.356,  0.057,  0.057,  0.025
1, -4.859, -0.610, -22.084,  0.054,  0.050, -0.039
1, -2.247, -2.043, -21.659,  0.048,  0.043, -0.064
1,  0.486, -1.799, -21.144,  0.042,  0.048,  0.011
1, -1.944, -0.793, -20.416,  0.046,  0.061,  0.060
1, -3.978, -0.518, -21.356,  0.050,  0.048,  0.034
1, -2.551, -1.372, -22.478,  0.051,  0.044, -0.067
1,  0.698, -1.402, -21.690,  0.052,  0.045, -0.034
1, -0.668,  0.183, -20.901,  0.051,  0.053,  0.013
1, -3.857, -0.305, -20.962,  0.049,  0.051,  0.049
1, -3.735, -1.220, -22.357,  0.045,  0.045, -0.017
1, -0.030, -1.616, -21.356,  0.046,  0.046, -0.015
1,  0.121, -0.061, -21.508,  0.052,  0.056,  0.021
1, -3.249,  0.152, -21.144,  0.052,  0.056,  0.029
1, -3.796, -0.671, -22.054,  0.052,  0.047, -0.044
1, -1.336, -1.799, -21.235,  0.046,  0.042, -0.058
1,  0.243, -0.884, -20.931,  0.047,  0.051,  0.013
1, -2.855, -0.152, -20.385,  0.051,  0.054,  0.065
1, -4.130, -0.671, -22.023,  0.049,  0.050,  0.025
1, -1.245, -1.921, -22.145,  0.044,  0.042, -0.034
1,  0.881, -0.762, -21.872,  0.049,  0.051, -0.008
1, -1.640,  0.335, -20.719,  0.054,  0.057,  0.034
1, -4.403, -0.579, -21.022,  0.049,  0.050,  0.050
1, -2.763, -1.555, -21.690,  0.048,  0.041, -0.053
1,  0.607, -1.799, -21.690,  0.042,  0.045, -0.013
1,  0.091, -0.640, -21.720,  0.048,  0.054,  0.023
1, -3.614, -0.274, -22.114,  0.052,  0.053,  0.041
1, -3.340, -1.006, -22.266,  0.052,  0.046, -0.050
1, -0.820, -1.799, -21.053,  0.051,  0.047, -0.058
1, -0.304, -0.213, -20.780,  0.052,  0.055,  0.008
1, -3.523, -0.030, -20.658,  0.049,  0.051,  0.051
1, -3.857, -1.220, -21.811,  0.048,  0.045, -0.013
1, -0.243, -1.951, -21.447,  0.041,  0.046, -0.022
1,  0.638, -0.366, -21.963,  0.051,  0.054,  0.011
1, -2.733,  0.366, -21.265,  0.055,  0.056,  0.025
1, -4.130, -0.884, -22.023,  0.052,  0.047, -0.036
1, -1.427, -1.982, -21.356,  0.050,  0.045, -0.054
1,  0.638, -1.067, -20.901,  0.046,  0.051,  0.021
1, -1.275,  0.152, -21.690,  0.052,  0.057,  0.039
1, -4.100, -0.823, -22.448,  0.048,  0.048,  0.013
1, -1.913, -1.494, -22.691,  0.051,  0.045, -0.069
1,  0.698, -1.037, -21.053,  0.050,  0.048, -0.036
1, -1.275,  0.366, -20.749,  0.052,  0.057,  0.025
1, -4.282, -0.335, -21.326,  0.052,  0.051,  0.036
1, -3.006, -1.585, -22.418,  0.046,  0.044, -0.025
1, -0.152, -1.311, -21.993,  0.046,  0.048, -0.060
1, -0.061, -0.488, -21.902,  0.051,  0.056,  0.027
1, -3.735,  0.061, -21.720,  0.057,  0.056,  0.011
1, -3.917, -1.433, -21.568,  0.052,  0.046, -0.020
1, -0.425, -1.768, -21.477,  0.049,  0.048, -0.054
1,  0.638, -0.945, -20.810,  0.049,  0.054,  0.048
1, -2.369,  0.427, -21.599,  0.052,  0.057,  0.063
1, -3.978, -0.976, -22.236,  0.050,  0.048, -0.002
1, -1.124, -1.707, -22.691,  0.050,  0.042, -0.083
1,  0.273, -1.067, -20.840,  0.049,  0.050, -0.020
1, -2.065,  0.152, -21.022,  0.052,  0.054,  0.025
1, -4.343, -0.793, -20.992,  0.053,  0.050,  0.015
1, -2.703, -1.585, -22.357,  0.048,  0.045, -0.034
1,  0.850, -1.616, -21.174,  0.046,  0.048,  0.008
1, -0.577, -0.061, -21.538,  0.051,  0.056,  0.041
1, -3.826,  0.030, -21.872,  0.053,  0.053, -0.001
1, -3.006, -1.250, -22.539,  0.054,  0.044, -0.071
1, -0.213, -1.616, -21.386,  0.049,  0.045, -0.060
1,  0.091, -0.884, -20.901,  0.049,  0.054,  0.050
1, -3.340, -0.274, -20.628,  0.053,  0.051,  0.063
1, -3.583, -1.372, -21.872,  0.049,  0.046, -0.003
1, -1.063, -1.372, -22.205,  0.050,  0.047, -0.067
1,  0.759, -0.610, -21.265,  0.051,  0.054,  0.013
1, -2.429,  0.427, -21.113,  0.057,  0.059,  0.029
1, -4.525, -0.884, -21.568,  0.052,  0.050,  0.006
1, -1.822, -2.226, -22.145,  0.046,  0.044, -0.029
1,  0.638, -1.341, -20.689,  0.044,  0.048,  0.022
1, -1.063, -0.244, -21.538,  0.051,  0.057,  0.060
1, -3.826, -0.671, -22.023,  0.049,  0.048,  0.025
1, -2.217, -1.341, -22.630,  0.051,  0.044, -0.078
1,  0.243, -1.372, -21.022,  0.049,  0.048, -0.041
1, -0.456, -0.152, -20.385,  0.050,  0.056,  0.060
1, -4.403, -0.335, -20.628,  0.050,  0.053,  0.039
1, -3.249, -1.524, -21.872,  0.043,  0.045, -0.022
1,  0.577, -1.799, -21.811,  0.038,  0.045, -0.052
1,  0.243,  0.000, -21.204,  0.049,  0.056,  0.022
1, -2.915,  0.549, -21.113,  0.054,  0.055,  0.015
1, -3.340, -1.037, -22.387,  0.052,  0.046, -0.045
1, -0.911, -1.616, -21.447,  0.046,  0.039, -0.067
1,  0.698, -0.976, -21.083,  0.046,  0.051,  0.017
1, -2.915, -0.122, -20.598,  0.052,  0.056,  0.069
1, -4.221, -0.762, -22.145,  0.050,  0.048,  0.020
1, -2.004, -1.616, -22.418,  0.047,  0.048, -0.060
1,  1.032, -0.793, -21.872,  0.048,  0.050, -0.006
1, -1.367,  0.213, -21.022,  0.051,  0.056,  0.029
1, -4.403, -0.396, -20.931,  0.051,  0.051,  0.029
1, -2.490, -1.982, -21.204,  0.049,  0.043, -0.045
1,  0.607, -1.768, -21.113,  0.043,  0.048, -0.001
1, -0.030, -0.274, -21.508,  0.051,  0.056,  0.029
1, -3.644, -0.152, -21.720,  0.052,  0.054,  0.034
1, -3.432, -1.250, -22.175,  0.054,  0.048, -0.058
1, -0.273, -1.585, -21.265,  0.050,  0.044, -0.058
1, -0.061, -0.183, -20.446,  0.052,  0.055,  0.013
1, -3.249,  0.152, -20.598,  0.052,  0.056,  0.063
1, -4.039, -1.037, -22.478,  0.050,  0.047, -0.006
1, -1.306, -1.402, -22.751,  0.049,  0.044, -0.073
1,  0.698, -0.915, -21.599,  0.052,  0.053, -0.006
1, -2.095,  0.091, -21.053,  0.055,  0.057,  0.029
1, -4.130, -0.335, -21.781,  0.052,  0.050, -0.027
1, -2.217, -1.707, -21.447,  0.047,  0.042, -0.058
1,  0.941, -1.646, -21.295,  0.044,  0.048,  0.001
1, -0.547,  0.061, -21.659,  0.051,  0.056,  0.034
1, -3.978, -0.061, -22.327,  0.051,  0.051,  0.031
1, -2.885, -1.128, -22.236,  0.052,  0.047, -0.067
1,  0.395, -1.128, -21.750,  0.049,  0.050, -0.036
1, -0.638, -0.122, -20.658,  0.054,  0.055,  0.020
1, -3.371, -0.366, -20.780,  0.051,  0.056,  0.069
1, -4.039, -1.128, -22.327,  0.050,  0.048,  0.011
1, -0.516, -1.951, -21.568,  0.043,  0.045, -0.017
1,  1.063, -0.701, -21.265,  0.047,  0.052,  0.004
1, -2.429, -0.091, -21.386,  0.050,  0.057,  0.045
1, -4.555, -0.701, -22.114,  0.052,  0.048, -0.053
1, -2.035, -1.829, -21.568,  0.047,  0.039, -0.071
1,  0.516, -1.555, -21.174,  0.044,  0.047,  0.008
1, -1.579, -0.518, -20.537,  0.050,  0.053,  0.074
1, -4.130, -0.274, -21.568,  0.054,  0.050,  0.034
1, -2.733, -1.220, -22.660,  0.052,  0.042, -0.069
1,  0.577, -1.098, -21.963,  0.049,  0.051, -0.031
1, -0.820,  0.152, -21.083,  0.052,  0.057,  0.011
1, -4.009, -0.427, -20.901,  0.051,  0.052,  0.044
1, -3.644, -1.585, -22.054,  0.044,  0.045, -0.013
1,  0.304, -1.677, -21.295,  0.044,  0.046, -0.017
1,  0.030, -0.122, -21.781,  0.052,  0.056,  0.027
1, -3.523,  0.061, -21.568,  0.057,  0.057,  0.011
1, -3.310, -1.037, -22.357,  0.054,  0.045, -0.057
1, -0.850, -1.768, -21.113,  0.048,  0.045, -0.067
1,  0.030, -0.976, -20.507,  0.047,  0.052,  0.025
1, -3.462, -0.183, -20.962,  0.051,  0.051,  0.050
1, -3.978, -0.823, -22.175,  0.048,  0.045,  0.004
1, -1.215, -1.463, -22.266,  0.047,  0.047, -0.069
1,  0.820, -0.701, -22.054,  0.051,  0.053,  0.006
1, -2.551,  0.152, -21.053,  0.055,  0.057,  0.025
1, -4.707, -0.854, -21.053,  0.051,  0.050, -0.001
1, -2.126, -1.707, -21.811,  0.047,  0.045, -0.020
1,  0.364, -1.280, -20.931,  0.043,  0.051,  0.025
1, -1.063,  0.030, -21.417,  0.052,  0.057,  0.050
1, -4.039,  0.091, -21.932,  0.056,  0.053,  0.004
1, -2.763, -1.433, -22.933,  0.050,  0.045, -0.074
1,  0.061, -1.555, -21.386,  0.049,  0.046, -0.050
1,  0.456, -0.427, -20.810,  0.047,  0.051,  0.051
1, -3.674, -0.091, -21.144,  0.052,  0.051,  0.046
1, -3.583, -1.402, -22.569,  0.047,  0.046, -0.017
1,  0.243, -2.043, -21.720,  0.044,  0.046, -0.017
1,  0.607, -0.274, -21.750,  0.051,  0.055,  0.013
1, -2.946,  0.122, -21.386,  0.054,  0.056,  0.021
1, -4.525, -0.823, -21.629,  0.051,  0.048,  0.011
1, -1.275, -1.555, -21.356,  0.047,  0.042, -0.053
1,  0.911, -1.128, -20.840,  0.047,  0.051,  0.017
1, -1.275,  0.213, -21.386,  0.054,  0.057,  0.044
1, -3.826, -0.884, -21.872,  0.049,  0.048,  0.020
1, -1.579, -1.646, -22.357,  0.050,  0.045, -0.069
1,  0.668, -1.128, -20.780,  0.049,  0.048, -0.031
1, -1.640,  0.488, -20.658,  0.055,  0.057,  0.031
1, -4.343, -0.396, -21.022,  0.051,  0.050,  0.011
1, -2.490, -1.768, -22.266,  0.047,  0.041, -0.027
1,  0.213, -1.372, -21.326,  0.044,  0.045,  0.001
1, -0.425, -0.030, -21.781,  0.052,  0.055,  0.039
1, -3.735,  0.152, -21.538,  0.055,  0.053,  0.001
1, -2.915, -0.640, -21.720,  0.049,  0.038, -0.062
1, -0.273, -1.341, -21.022,  0.047,  0.046, -0.053
1,  0.273, -0.732, -20.901,  0.046,  0.052,  0.044
1, -2.946, -0.061, -21.629,  0.051,  0.056,  0.053
1, -3.917, -1.402, -22.266,  0.047,  0.046, -0.010
1, -0.638, -1.463, -22.387,  0.047,  0.044, -0.069
1,  1.032, -0.793, -21.113,  0.052,  0.051, -0.003
1, -3.006,  0.213, -21.053,  0.052,  0.057,  0.029
1, -4.828, -0.884, -21.326,  0.050,  0.050,  0.006
1, -2.126, -2.134, -22.114,  0.045,  0.043, -0.034
1,  0.820, -1.220, -21.053,  0.044,  0.051,  0.015
1, -1.032,  0.152, -21.204,  0.049,  0.056,  0.046
1, -3.857, -0.183, -21.417,  0.052,  0.051, -0.007
1, -2.399, -1.433, -22.539,  0.051,  0.042, -0.071
1,  0.364, -1.463, -21.295,  0.050,  0.045, -0.050
1, -0.061, -0.610, -20.749,  0.048,  0.056,  0.055
1, -3.948, -0.457, -20.780,  0.053,  0.053,  0.044
1, -3.280, -1.585, -22.023,  0.049,  0.045, -0.017
1,  0.091, -1.433, -22.145,  0.049,  0.045, -0.062
1,  0.456, -0.579, -21.417,  0.051,  0.051,  0.013
1, -3.067,  0.396, -21.295,  0.057,  0.056,  0.017
1, -4.707, -1.220, -21.599,  0.050,  0.047, -0.006
1, -1.822, -1.982, -21.963,  0.046,  0.044, -0.025
1,  0.820, -1.189, -21.083,  0.043,  0.050,  0.027
1, -1.367,  0.213, -21.659,  0.051,  0.056,  0.053
1, -4.646,  0.030, -21.750,  0.057,  0.054, -0.001
1, -2.824, -1.220, -22.660,  0.052,  0.045, -0.074
1, -0.213, -1.341, -21.326,  0.049,  0.048, -0.050
1, -0.334, -0.610, -20.325,  0.047,  0.053,  0.058
1, -4.434, -0.152, -20.719,  0.054,  0.051,  0.045
1, -3.614, -1.677, -22.296,  0.048,  0.045, -0.022
1, -0.182, -1.463, -22.296,  0.047,  0.047, -0.067
1,  0.304,  0.152, -21.568,  0.052,  0.057,  0.020
1, -3.037,  0.274, -21.235,  0.057,  0.056,  0.020
1, -3.553, -0.762, -21.932,  0.055,  0.044, -0.041
1, -0.972, -1.616, -21.204,  0.049,  0.042, -0.055
1,  0.547, -1.067, -21.265,  0.050,  0.051,  0.015
1, -1.822, -0.030, -21.599,  0.047,  0.057,  0.032
1, -4.251, -0.854, -22.145,  0.051,  0.052,  0.015
1, -2.278, -1.494, -22.721,  0.051,  0.042, -0.074
1, -0.030, -1.402, -21.477,  0.049,  0.045, -0.045
1, -1.032,  0.213, -21.083,  0.054,  0.057,  0.030
1, -4.282, -0.427, -21.477,  0.054,  0.053,  0.050
1, -3.158, -1.189, -22.569,  0.047,  0.045, -0.015
1, -0.182, -1.982, -21.720,  0.042,  0.045, -0.015
1,  0.304, -0.457, -21.326,  0.049,  0.054,  0.017
1, -3.067,  0.030, -21.144,  0.053,  0.056,  0.022
1, -4.343, -0.945, -22.448,  0.057,  0.047, -0.060
1, -0.911, -1.768, -21.113,  0.049,  0.042, -0.050
1,  0.607, -1.220, -20.446,  0.044,  0.050,  0.034
1, -2.581,  0.030, -20.446,  0.050,  0.056,  0.076
1, -4.039, -0.915, -22.023,  0.048,  0.048,  0.015
1, -1.822, -1.402, -22.478,  0.050,  0.041, -0.078
1,  0.790, -0.854, -21.902,  0.050,  0.051, -0.022
1, -1.609,  0.213, -21.022,  0.057,  0.056,  0.025
1, -4.525, -0.183, -20.931,  0.055,  0.050,  0.037
1, -2.763, -1.494, -22.236,  0.047,  0.044, -0.025
1,  0.577, -1.494, -20.871,  0.047,  0.050, -0.001
1, -0.121,  0.091, -21.659,  0.052,  0.059,  0.031
1, -3.340,  0.122, -21.781,  0.054,  0.055,  0.006
1, -3.280, -1.494, -22.509,  0.051,  0.045, -0.069
1, -0.698, -1.860, -21.235,  0.047,  0.041, -0.062
1,  0.061, -0.732, -21.113,  0.046,  0.050,  0.031
1, -3.553, -0.244, -20.901,  0.052,  0.055,  0.063
1, -3.796, -1.128, -21.963,  0.048,  0.050,  0.013
1, -1.336, -1.616, -22.448,  0.049,  0.045, -0.064
1,  0.607, -0.701, -21.720,  0.047,  0.052, -0.006
1, -2.095,  0.549, -21.204,  0.054,  0.056,  0.015
1, -4.737, -0.671, -21.326,  0.052,  0.050,  0.011
1, -2.338, -2.043, -22.205,  0.045,  0.042, -0.027
1,  0.607, -1.707, -21.144,  0.044,  0.048,  0.017
1, -0.820,  0.061, -21.659,  0.051,  0.057,  0.044
1, -4.160,  0.213, -21.568,  0.055,  0.056,  0.011
1, -3.037, -1.250, -22.387,  0.051,  0.045, -0.060
1, -0.243, -1.738, -21.417,  0.050,  0.046, -0.044
1,  0.456, -0.945, -20.901,  0.045,  0.053,  0.045
1, -3.553, -0.244, -20.749,  0.052,  0.055,  0.063
1, -3.917, -1.037, -22.054,  0.048,  0.047,  0.001
1, -1.306, -1.402, -22.175,  0.049,  0.044, -0.074
1,  0.304, -0.671, -21.295,  0.051,  0.048, -0.036
1, -2.247,  0.030, -20.962,  0.053,  0.053,  0.017
1, -4.707, -0.823, -21.113,  0.050,  0.047,  0.008
1, -2.247, -1.738, -22.357,  0.044,  0.042, -0.036
1,  1.063, -1.159, -21.386,  0.044,  0.047,  0.006
1, -0.425,  0.244, -21.963,  0.052,  0.057,  0.036
1, -4.221, -0.183, -21.932,  0.057,  0.054, -0.010
1, -3.189, -1.128, -22.691,  0.052,  0.045, -0.069
1, -0.243, -1.433, -21.204,  0.047,  0.045, -0.050
1, -0.030, -0.732, -20.749,  0.046,  0.054,  0.044
1, -2.642, -0.152, -21.872,  0.052,  0.057,  0.049
1, -4.009, -1.159, -22.600,  0.048,  0.046, -0.008
1, -1.124, -1.402, -22.418,  0.047,  0.048, -0.074
1,  0.698, -0.793, -21.053,  0.051,  0.051, -0.020
1, -2.429,  0.305, -21.265,  0.055,  0.056,  0.022
1, -4.585, -1.006, -21.477,  0.053,  0.050,  0.006
1, -2.156, -1.799, -22.266,  0.046,  0.041, -0.025
1,  0.425, -1.402, -20.780,  0.043,  0.048,  0.017
1, -1.154,  0.000, -21.508,  0.052,  0.056,  0.053
1, -4.403, -0.091, -21.781,  0.057,  0.053, -0.003
1, -2.946, -1.341, -22.114,  0.052,  0.045, -0.074
1, -0.152, -1.402, -20.931,  0.049,  0.048, -0.041
1, -0.152, -0.701, -20.294,  0.047,  0.054,  0.065
1, -4.221, -0.549, -20.962,  0.047,  0.054,  0.046
1, -3.766, -1.494, -21.902,  0.047,  0.045, -0.025
1, -0.456, -1.829, -22.357,  0.051,  0.048, -0.076
1,  0.456, -0.732, -21.356,  0.049,  0.053,  0.004
1, -2.855,  0.366, -20.962,  0.052,  0.057,  0.020
1, -4.616, -1.067, -21.204,  0.050,  0.048, -0.001
1, -1.579, -1.982, -21.993,  0.049,  0.043, -0.031
1,  0.304, -0.945, -21.326,  0.050,  0.051,  0.017
1, -1.275,  0.579, -21.629,  0.052,  0.056,  0.049
1, -4.130, -0.610, -22.145,  0.051,  0.050,  0.020
1, -1.852, -1.280, -22.751,  0.051,  0.042, -0.069
1,  0.516, -1.372, -21.083,  0.050,  0.047, -0.044
1, -1.458,  0.030, -20.901,  0.056,  0.059,  0.027
1, -4.130, -0.366, -20.749,  0.053,  0.052,  0.041
1, -3.067, -1.555, -21.720,  0.048,  0.042, -0.010
1,  0.091, -1.494, -22.054,  0.047,  0.045, -0.062
1,  0.091,  0.030, -21.629,  0.052,  0.056,  0.027
1, -3.462,  0.396, -21.295,  0.057,  0.055,  0.008
1, -4.343, -1.006, -21.295,  0.049,  0.047, -0.017
1, -1.215, -1.799, -21.174,  0.047,  0.045, -0.050
1,  0.456, -1.159, -20.962,  0.044,  0.050,  0.029
1, -1.427,  0.183, -21.690,  0.051,  0.055,  0.051
1, -4.282, -0.793, -21.963,  0.052,  0.051,  0.008
1, -1.974, -1.372, -22.327,  0.054,  0.046, -0.078
1,  0.061, -1.311, -20.962,  0.049,  0.050, -0.034
1, -0.820, -0.457, -20.507,  0.049,  0.054,  0.065
1, -4.282, -0.213, -21.113,  0.055,  0.050,  0.031
1, -2.794, -1.738, -21.841,  0.047,  0.042, -0.022
1,  0.395, -1.311, -22.114,  0.049,  0.046, -0.058
1, -0.152,  0.030, -21.356,  0.049,  0.057,  0.025
1, -3.735,  0.122, -21.386,  0.054,  0.053, -0.002
1, -4.343, -1.372, -21.629,  0.052,  0.045, -0.036
1, -0.364, -1.585, -21.326,  0.049,  0.041, -0.057
1,  0.213, -0.640, -20.931,  0.046,  0.051,  0.049
1, -2.672,  0.396, -21.872,  0.051,  0.057,  0.060
1, -4.100, -0.610, -21.932,  0.054,  0.048, -0.025
1, -1.002, -1.677, -22.327,  0.049,  0.045, -0.062
1,  0.577, -0.823, -20.719,  0.050,  0.051, -0.022
1, -1.640,  0.030, -20.749,  0.047,  0.055,  0.060
1, -5.102, -0.701, -21.508,  0.049,  0.051,  0.011
1, -2.551, -1.799, -22.114,  0.047,  0.045, -0.026
1,  0.304, -1.098, -22.145,  0.051,  0.048, -0.045
1, -0.364, -0.183, -21.629,  0.051,  0.054,  0.045
1, -4.009,  0.366, -21.538,  0.056,  0.055,  0.015
1, -4.403, -0.915, -21.568,  0.054,  0.045, -0.026
1, -0.334, -1.799, -21.356,  0.051,  0.045, -0.053
1,  0.395, -0.915, -20.537,  0.047,  0.052,  0.045
1, -2.824,  0.091, -21.295,  0.051,  0.056,  0.058
1, -4.130, -1.311, -22.205,  0.051,  0.046, -0.010
1, -1.306, -1.677, -22.660,  0.051,  0.045, -0.076
1,  0.030, -1.159, -21.083,  0.052,  0.053, -0.020
1, -2.156,  0.091, -21.083,  0.055,  0.056,  0.022
1, -4.707, -0.762, -21.144,  0.053,  0.050,  0.013
1, -2.186, -1.738, -21.811,  0.047,  0.044, -0.027
1,  0.759, -1.372, -21.144,  0.044,  0.048,  0.006
1, -0.577,  0.305, -21.963,  0.051,  0.057,  0.034
1, -3.917,  0.335, -21.295,  0.055,  0.055, -0.006
1, -4.100, -1.128, -21.326,  0.052,  0.045, -0.041
1, -0.273, -1.372, -21.356,  0.050,  0.044, -0.058
1,  0.213, -0.732, -20.992,  0.046,  0.054,  0.044
1, -2.642,  0.061, -22.023,  0.051,  0.060,  0.050
1, -4.100, -1.159, -22.205,  0.051,  0.048, -0.006
1, -0.911, -1.677, -22.448,  0.047,  0.045, -0.069
1,  0.911, -0.793, -20.749,  0.051,  0.051, -0.015
1, -2.369,  0.518, -21.386,  0.054,  0.057,  0.015
1, -4.859, -0.945, -21.326,  0.051,  0.050,  0.004
1, -2.035, -1.799, -22.023,  0.045,  0.041, -0.027
1,  0.698, -1.311, -20.992,  0.043,  0.048,  0.001
1, -0.972,  0.427, -21.417,  0.054,  0.057,  0.041
1, -3.978,  0.244, -21.781,  0.056,  0.054,  0.004
1, -3.766, -1.433, -21.720,  0.049,  0.045, -0.025
1, -0.334, -1.341, -21.629,  0.049,  0.045, -0.045
1,  0.213, -0.335, -21.083,  0.047,  0.051,  0.049
1, -3.006,  0.274, -21.841,  0.052,  0.055,  0.046
1, -3.766, -1.494, -22.327,  0.047,  0.045, -0.015
1, -0.516, -1.555, -22.387,  0.044,  0.044, -0.076
1,  0.273, -0.610, -20.871,  0.051,  0.052, -0.013
1, -2.672,  0.396, -21.295,  0.057,  0.057,  0.013
1, -4.525, -0.793, -21.417,  0.053,  0.048,  0.001
1, -1.367, -1.768, -22.296,  0.047,  0.041, -0.036
1,  0.607, -1.189, -21.113,  0.047,  0.050,  0.011
1, -0.941,  0.183, -21.993,  0.050,  0.056,  0.049
1, -3.826, -0.091, -21.872,  0.052,  0.050, -0.015
1, -2.308, -1.677, -22.539,  0.049,  0.044, -0.076
1,  0.243, -1.585, -21.174,  0.049,  0.048, -0.036
1, -0.516, -0.152, -20.749,  0.048,  0.055,  0.055
1, -2.915,  0.091, -22.023,  0.052,  0.056,  0.041
1, -3.006, -1.494, -22.296,  0.047,  0.044, -0.015
1, -0.091, -1.555, -22.205,  0.047,  0.048, -0.058
1,  0.273, -0.244, -20.840,  0.052,  0.055, -0.008
1, -3.310,  0.335, -21.568,  0.055,  0.056,  0.014
1, -4.555, -1.585, -21.356,  0.051,  0.048, -0.006
1, -1.427, -2.317, -21.963,  0.047,  0.048, -0.020
1,  0.698, -0.854, -21.932,  0.053,  0.053, -0.015
1, -1.913, -0.152, -21.204,  0.052,  0.056,  0.058
1, -4.282, -0.183, -21.872,  0.055,  0.050, -0.006
1, -2.824, -1.768, -21.659,  0.048,  0.042, -0.043
1,  0.091, -1.402, -21.083,  0.049,  0.048, -0.027
1, -1.275, -0.457, -20.537,  0.049,  0.054,  0.065
1, -3.796,  0.061, -21.963,  0.052,  0.051,  0.044
1, -2.429, -1.372, -22.145,  0.047,  0.041, -0.027
1,  0.213, -1.433, -22.145,  0.047,  0.045, -0.063
1,  0.152, -0.488, -20.901,  0.051,  0.056, -0.001
1, -3.644,  0.213, -21.538,  0.055,  0.054,  0.006
1, -4.191, -1.280, -21.447,  0.051,  0.045, -0.036
1, -0.516, -2.012, -21.811,  0.047,  0.045, -0.036
1,  0.759, -0.579, -21.599,  0.048,  0.051, -0.001
1, -2.278,  0.091, -21.629,  0.049,  0.056,  0.058
1, -4.039, -0.854, -22.023,  0.054,  0.050, -0.027
1, -2.004, -1.677, -21.841,  0.052,  0.045, -0.053
1,  0.577, -0.793, -21.508,  0.054,  0.053, -0.031
1, -2.156,  0.061, -20.931,  0.052,  0.057,  0.063
1, -4.343, -0.213, -22.054,  0.050,  0.051,  0.022
1, -2.126, -2.134, -22.266,  0.045,  0.043, -0.044
1,  0.516, -1.037, -22.023,  0.047,  0.047, -0.039
1, -0.516, -0.183, -20.719,  0.052,  0.055,  0.013
1, -3.432, -0.305, -20.871,  0.053,  0.054,  0.053
1, -3.340, -1.341, -21.477,  0.052,  0.044, -0.036
1, -0.456, -1.799, -21.629,  0.044,  0.045, -0.022
1,  1.032, -0.549, -21.781,  0.049,  0.053,  0.011
1, -2.855, -0.061, -21.659,  0.052,  0.056,  0.055
1, -4.616, -0.976, -21.932,  0.054,  0.048, -0.034
1, -1.944, -1.982, -21.265,  0.049,  0.042, -0.054
1,  0.030, -0.427, -21.053,  0.050,  0.050, -0.026
1, -1.852, -0.274, -20.476,  0.050,  0.055,  0.074
1, -3.857, -0.396, -21.720,  0.052,  0.051,  0.034
1, -1.913, -1.768, -21.872,  0.046,  0.045, -0.052
1,  0.607, -1.159, -21.720,  0.047,  0.050, -0.036
1, -0.547,  0.000, -20.871,  0.052,  0.053,  0.015
1, -4.100, -0.335, -20.840,  0.050,  0.051,  0.034
1, -3.523, -1.799, -21.447,  0.049,  0.042, -0.048
1,  0.061, -2.043, -21.599,  0.044,  0.044, -0.017
1,  0.121, -0.305, -21.447,  0.052,  0.056,  0.020
1, -3.189,  0.152, -21.538,  0.055,  0.056,  0.015
1, -3.826, -0.793, -22.357,  0.052,  0.048, -0.045
1, -0.850, -1.768, -21.477,  0.048,  0.045, -0.053
1,  0.304, -1.098, -20.992,  0.044,  0.051,  0.031
1, -3.189,  0.061, -20.567,  0.052,  0.054,  0.072
1, -4.525, -0.823, -21.841,  0.051,  0.048,  0.015
1, -2.095, -1.524, -21.963,  0.050,  0.046, -0.067
1,  1.154, -0.976, -21.720,  0.046,  0.051, -0.001
1, -1.640,  0.427, -21.022,  0.052,  0.056,  0.029
1, -4.464, -0.335, -21.326,  0.052,  0.050,  0.017
1, -2.399, -1.677, -21.720,  0.045,  0.041, -0.055
1,  0.364, -1.738, -21.599,  0.044,  0.048, -0.001
1, -0.790, -0.183, -21.508,  0.051,  0.059,  0.045
1, -4.343, -0.549, -22.023,  0.053,  0.052,  0.036
1, -3.037, -1.433, -22.418,  0.052,  0.045, -0.068
1, -0.213, -1.220, -21.417,  0.051,  0.045, -0.053
1, -0.638,  0.183, -21.083,  0.054,  0.051,  0.011
1, -3.614, -0.061, -20.962,  0.049,  0.053,  0.056
1, -4.100, -1.433, -22.205,  0.049,  0.045, -0.013
1, -0.607, -2.104, -21.750,  0.045,  0.047, -0.031
1,  0.577, -0.610, -21.750,  0.047,  0.053, -0.003
1, -2.551,  0.091, -21.144,  0.055,  0.057,  0.025
1, -5.254, -0.488, -21.326,  0.057,  0.047,  0.012
1, -1.792, -1.738, -21.690,  0.047,  0.041, -0.064
1,  0.941, -1.037, -21.326,  0.045,  0.046,  0.001
1, -1.731,  0.000, -20.689,  0.049,  0.054,  0.065
1, -4.100, -0.732, -22.054,  0.050,  0.051,  0.030
1, -2.672, -1.494, -22.327,  0.051,  0.046, -0.064
1,  0.698, -0.976, -21.811,  0.049,  0.050, -0.027
1, -0.820,  0.122, -20.446,  0.054,  0.056,  0.014
1, -4.069, -0.274, -20.719,  0.052,  0.053,  0.055
1, -3.614, -1.524, -21.811,  0.050,  0.045, -0.029
1, -0.304, -2.165, -22.114,  0.043,  0.045, -0.017
1,  0.577, -0.549, -22.205,  0.049,  0.053,  0.011
1, -2.612,  0.671, -21.417,  0.055,  0.056,  0.021
1, -4.403, -0.762, -21.690,  0.053,  0.048, -0.039
1, -1.336, -2.043, -21.022,  0.047,  0.043, -0.055
1,  0.759, -1.159, -20.901,  0.044,  0.048,  0.025
1, -2.126,  0.030, -20.112,  0.049,  0.056,  0.077
1, -4.403, -0.335, -21.872,  0.049,  0.050,  0.022
1, -1.701, -1.860, -22.387,  0.047,  0.042, -0.044
1,  0.850, -0.884, -22.296,  0.049,  0.050, -0.041
1, -1.336,  0.091, -21.265,  0.052,  0.056,  0.017
1, -4.312, -0.427, -21.083,  0.052,  0.051,  0.044
1, -3.432, -1.585, -21.750,  0.047,  0.042, -0.045
1,  0.061, -1.738, -21.720,  0.047,  0.047, -0.010
1, -0.152,  0.030, -21.599,  0.052,  0.056,  0.023
1, -3.735,  0.091, -21.659,  0.049,  0.053,  0.034
1, -3.553, -1.220, -22.569,  0.052,  0.046, -0.060
1, -0.456, -1.890, -21.508,  0.048,  0.041, -0.064
1,  0.516, -0.976, -21.083,  0.046,  0.050,  0.027
1, -2.855, -0.030, -21.174,  0.052,  0.051,  0.055
1, -4.160, -0.671, -22.266,  0.048,  0.048,  0.008
1, -1.670, -1.494, -22.327,  0.051,  0.045, -0.069
1,  0.941, -0.366, -21.326,  0.051,  0.052,  0.006
1, -1.974,  0.579, -20.871,  0.052,  0.057,  0.029
1, -4.646, -0.488, -21.113,  0.051,  0.051,  0.013
1, -2.612, -1.860, -22.327,  0.047,  0.042, -0.039
1,  0.456, -1.585, -21.386,  0.044,  0.050, -0.003
1, -0.638, -0.061, -21.447,  0.049,  0.057,  0.046
1, -4.100,  0.000, -21.599,  0.056,  0.054,  0.006
1, -2.946, -1.402, -22.418,  0.050,  0.045, -0.069
1,  0.121, -1.433, -21.508,  0.051,  0.048, -0.053
1,  0.030, -0.823, -20.689,  0.049,  0.053,  0.050
1, -4.160, -0.457, -20.810,  0.053,  0.053,  0.044
1, -3.674, -1.402, -22.175,  0.047,  0.046, -0.020
1, -0.152, -1.555, -22.236,  0.047,  0.042, -0.067
1,  0.213, -0.183, -21.629,  0.049,  0.054,  0.015
1, -3.158,  0.305, -21.538,  0.052,  0.056,  0.013
1, -4.434, -0.915, -21.659,  0.051,  0.045, -0.020
1, -0.668, -1.738, -21.295,  0.047,  0.041, -0.064
1,  0.577, -0.945, -21.204,  0.047,  0.051,  0.020
1, -1.549, -0.274, -21.872,  0.052,  0.057,  0.050
1, -3.826, -1.006, -22.023,  0.045,  0.048,  0.011
1, -1.032, -1.494, -22.266,  0.047,  0.045, -0.067
1,  0.820, -1.128, -20.719,  0.049,  0.052, -0.025
1, -1.852,  0.671, -21.204,  0.054,  0.057,  0.022
1, -4.434, -0.671, -21.447,  0.052,  0.051,  0.008
1, -2.338, -1.890, -22.145,  0.046,  0.045, -0.027
1,  0.273, -1.738, -21.144,  0.043,  0.048,  0.011
1, -1.032, -0.061, -21.174,  0.051,  0.056,  0.055
1, -4.100,  0.061, -21.902,  0.058,  0.054,  0.001
1, -3.644, -1.555, -21.932,  0.049,  0.042, -0.045
1, -0.030, -1.433, -21.144,  0.047,  0.045, -0.050
1,  0.061, -0.732, -20.507,  0.046,  0.052,  0.063
1, -3.948, -0.457, -20.810,  0.052,  0.053,  0.044
1, -3.523, -1.402, -22.114,  0.047,  0.045, -0.022
1, -0.030, -1.555, -22.205,  0.048,  0.042, -0.068
1,  0.304, -0.152, -21.872,  0.051,  0.054,  0.013
1, -3.067,  0.335, -21.295,  0.055,  0.056,  0.014
1, -4.251, -1.037, -21.144,  0.051,  0.046, -0.003
1, -0.668, -1.951, -21.295,  0.047,  0.041, -0.060
1,  0.577, -0.945, -20.901,  0.047,  0.051,  0.020
1, -1.488,  0.305, -21.477,  0.051,  0.057,  0.049
1, -4.039, -0.488, -21.386,  0.057,  0.050, -0.013
1, -2.035, -1.524, -22.478,  0.050,  0.045, -0.067
1,  0.425, -1.159, -21.144,  0.049,  0.048, -0.038
1, -0.364, -0.640, -20.567,  0.046,  0.057,  0.060
1, -4.282, -0.427, -21.022,  0.050,  0.051,  0.031
1, -2.703, -1.646, -22.114,  0.045,  0.042, -0.017
1,  0.425, -1.951, -21.295,  0.043,  0.050, -0.003
1,  0.030, -0.152, -21.174,  0.051,  0.056,  0.031
1, -3.674,  0.183, -21.447,  0.057,  0.055,  0.008
1, -3.553, -1.006, -22.509,  0.052,  0.046, -0.060
1, -0.334, -1.494, -21.235,  0.050,  0.045, -0.050
1,  0.456, -0.884, -20.628,  0.047,  0.051,  0.045
1, -2.612,  0.518, -21.932,  0.051,  0.056,  0.053
1, -3.857, -0.793, -22.205,  0.048,  0.045, -0.013
1, -0.729, -1.372, -22.509,  0.047,  0.039, -0.081
1,  0.607, -0.823, -21.265,  0.050,  0.050, -0.022
1, -2.217,  0.122, -21.356,  0.054,  0.055,  0.025
1, -4.525, -0.518, -21.113,  0.054,  0.048,  0.020
1, -2.095, -1.799, -21.629,  0.046,  0.044, -0.025
1,  1.063, -1.402, -21.204,  0.044,  0.047,  0.006
1, -0.486,  0.213, -21.841,  0.054,  0.057,  0.036
1, -4.160,  0.152, -21.902,  0.056,  0.053, -0.003
1, -2.672, -1.494, -22.236,  0.051,  0.046, -0.060
1,  0.061, -1.494, -21.326,  0.047,  0.047, -0.048
1, -0.273, -0.640, -20.719,  0.046,  0.056,  0.055
1, -3.674, -0.427, -20.901,  0.049,  0.052,  0.046
1, -3.128, -1.524, -22.266,  0.047,  0.044, -0.017
1, -0.182, -1.494, -22.327,  0.047,  0.047, -0.067
1,  0.304, -0.244, -21.326,  0.049,  0.054,  0.022
1, -3.492,  0.213, -21.720,  0.055,  0.056,  0.006
1, -4.768, -1.402, -21.417,  0.051,  0.045, -0.022
